{
  "category_priors": {
    "Еда": 0.2631578947368421,
    "Такси": 0.10526315789473684,
    "Развлечения": 0.10526315789473684,
    "Подписки": 0.21052631578947367,
    "Переводы": 0.05263157894736842,
    "Прочее": 0.15789473684210525,
    "Путешествия": 0.10526315789473684
  },
  "token_likelihoods": {
    "Еда": {
      "пятёрочка": 0.037037037037037035,
      "покупка": 0.037037037037037035,
      "продуктов": 0.037037037037037035,
      "перекрёсток": 0.037037037037037035,
      "супермаркет": 0.037037037037037035,
      "delivery": 0.037037037037037035,
      "club": 0.037037037037037035,
      "доставка": 0.05555555555555555,
      "самокат": 0.037037037037037035,
      "яндекс": 0.037037037037037035,
      "лавка": 0.037037037037037035,
      "продукты": 0.037037037037037035
    },
    "Такси": {
      "яндекс": 0.043478260869565216,
      "такси": 0.043478260869565216,
      "поездка": 0.06521739130434782,
      "uber": 0.043478260869565216
    },
    "Развлечения": {
      "кинотеатр": 0.0425531914893617,
      "формула": 0.0425531914893617,
      "кино": 0.0425531914893617,
      "steam": 0.0425531914893617,
      "покупка": 0.0425531914893617,
      "игры": 0.0425531914893617
    },
    "Подписки": {
      "spotify": 0.04081632653061224,
      "subscription": 0.061224489795918366,
      "netflix": 0.04081632653061224,
      "apple": 0.04081632653061224,
      "music": 0.04081632653061224,
      "яндекс": 0.04081632653061224,
      "плюс": 0.04081632653061224
    },
    "Переводы": {
      "перевод": 0.046511627906976744,
      "иванову": 0.046511627906976744
    },
    "Прочее": {
      "снятие": 0.04,
      "наличных": 0.04,
      "банкомат": 0.04,
      "оплата": 0.04,
      "жкх": 0.04,
      "мосэнергосбыт": 0.04,
      "wildberries": 0.04,
      "покупка": 0.04,
      "одежды": 0.04
    },
    "Путешествия": {
      "aeroflot": 0.043478260869565216,
      "билет": 0.043478260869565216,
      "booking": 0.043478260869565216,
      "com": 0.043478260869565216,
      "бронь": 0.043478260869565216
    }
  },
  "default_likelihood": {
    "Еда": 0.018518518518518517,
    "Такси": 0.021739130434782608,
    "Развлечения": 0.02127659574468085,
    "Подписки": 0.02040816326530612,
    "Переводы": 0.023255813953488372,
    "Прочее": 0.02,
    "Путешествия": 0.021739130434782608
  },
  "vocabulary": [
    "steam",
    "наличных",
    "booking",
    "билет",
    "снятие",
    "доставка",
    "покупка",
    "продукты",
    "apple",
    "uber",
    "кинотеатр",
    "бронь",
    "перевод",
    "поездка",
    "delivery",
    "формула",
    "лавка",
    "subscription",
    "music",
    "иванову",
    "продуктов",
    "netflix",
    "aeroflot",
    "оплата",
    "жкх",
    "яндекс",
    "супермаркет",
    "самокат",
    "пятёрочка",
    "com",
    "wildberries",
    "банкомат",
    "club",
    "одежды",
    "мосэнергосбыт",
    "кино",
    "такси",
    "плюс",
    "spotify",
    "игры",
    "перекрёсток"
  ]
}